User_id,Search
U1077,shampoo for the baby
U1077,Cream for the baby
U1077,Body lotion for the baby
U1077,Hair oil for the baby
U1068,Body oil for the baby
U1068,Diaper for the baby
U1068,Bath tub for the baby
U1068,Nail clippers for the baby
U1068,Slipping bag for the baby
U1067,Car seaters for the baby
U1067,wipes for the baby
U1067,Bottles for the baby
U1067,Hand sanitizer for the baby
U1067,Pacifier for the baby
U1067,Teether for the baby
U1103,Sippy cups for the baby
U1103,Tissues for the baby
U1103,Toys for the baby
U1103,Hat for the baby
U1103,Sunscreen for the baby
U1103, Diaper cream for the baby
U1103,Bib for the baby
U1103,Burp cloths for the baby
U1107,Stroller for the baby
U1107,Baby carrier for the baby
U1107,Play mat for the baby
U1044,Towel for the baby
U1044,wash cloths for the baby
U1070,Baby hairbrush for the baby
U1070,Diaper pail for the baby
U1070,Blanket for the baby
U1031,Crib for the baby
U1031,Cradle for the baby
U1031,Arm chair for the baby
U1082,Baby swing for the baby
U1023,High chair for the baby
U1023,Baby Thermometer for the baby
U1082,First aid kit for the baby
U1082,Baby monitor for the baby
U1082,Tooth brush for the baby
U1082,Tooth paste for the baby
U1082,Tongue cleaner for the baby
U1082,Band-Aids for the baby
U1060,Shocks for the baby
U1060,Shoes for the baby
U1060,Cloths for the baby
U1060,Crib mattress for the baby
U1015,Crib sheet for the baby
U1123,Changing pad for the baby
U1123,Nurshing pillow for the baby
U1123,Sleepsacks for the baby
U1123,Boppy for the baby
U1123,Bumbo for the baby
U1123,Crib soother for the baby
U1123,Light blanket for the baby
U1123,Products for the baby
U1021,shampoo for the baby
U1026,Cream for the baby
U1021,Body lotion for the baby
U1021,Hair oil for the baby
U1044,Body oil for the baby
U1083,Diaper for the baby
U1083,Bath tub for the baby
U1083,Nail clippers for the baby
U1108,Slipping bag for the baby
U1108,Car seaters for the baby
U1108,wipes for the baby
U1108,Bottles for the baby
U1108,Hand sanitizer for the baby
U1108,Pacifier for the baby
U1108,Teether for the baby
U1108,Sippy cups for the baby
U1108,Tissues for the baby
U1108,Toys for the baby
U1012,Hat for the baby
U1012,Sunscreen for the baby
U1012, Diaper cream for the baby
U1093,Bib for the baby
U1093,Burp cloths for the baby
U1093,Stroller for the baby
U1093,Baby carrier for the baby
U1093,Play mat for the baby
U1030,Towel for the baby
U1093,wash cloths for the baby
U1030,Baby hairbrush for the baby
U1012,Diaper pail for the baby
U1012,Blanket for the baby
U1030,Crib for the baby
U1093,Cradle for the baby
U1030,Arm chair for the baby
U1093,Baby swing for the baby
U1030,High chair for the baby
U1030,Baby Thermometer for the baby
U1030,First aid kit for the baby
U1030,Baby monitor for the baby
U1066,Tooth brush for the baby
U1066,Tooth paste for the baby
U1127,Tongue cleaner for the baby
U1127,Band-Aids for the baby
U1127,Shocks for the baby
U1127,Shoes for the baby
U1017,Cloths for the baby
U1066,Crib mattress for the baby
U1017,Crib sheet for the baby
U1017,Changing pad for the baby
U1066,Nurshing pillow for the baby
U1100,Sleepsacks for the baby
U1100,Boppy for the baby
U1066,Bumbo for the baby
U1100,Crib soother for the baby
U1100,Light blanketProducts for the baby
U1100,shampoo for the baby
U1100,Cream for the baby
U1133,Body lotion for the baby
U1133,Hair oil for the baby
U1133,Body oil for the baby
U1133,Diaper for the baby
U1133,Bath tub for the baby
U1133,Nail clippers for the baby
U1133,Slipping bag for the baby
U1133,Car seaters for the baby
U1133,wipes for the baby
U1118,Bottles for the baby
U1072,Hand sanitizer for the baby
U1072,Pacifier for the baby
U1072,Teether for the baby
U1026,Sippy cups for the baby
U1026,Tissues for the baby
U1026,Toys for the baby
U1026,Hat for the baby
U1023,Sunscreen for the baby
U1023, Diaper cream for the baby
U1080,Bib for the baby
U1080,Burp cloths for the baby
U1080,Stroller for the baby
U1080,Baby carrier for the baby
U1063,Play mat for the baby
U1063,Towel for the baby
U1063,wash cloths for the baby
U1063,Baby hairbrush for the baby
U1063,Diaper pail for the baby
U1080,Blanket for the baby
U1080,Crib for the baby
U1082,Cradle for the baby
U1082,Arm chair for the baby
U1074,Baby swing for the baby
U1074,High chair for the baby
U1074,Baby Thermometer for the baby
U1117,First aid kit for the baby
U1117,Baby monitor for the baby
U1117,Tooth brush for the baby
U1117,Tooth paste for the baby
U1117,Tongue cleaner for the baby
U1117,Band-Aids for the baby
U1118,Shocks for the baby
U1118,Shoes for the baby
U1118,Cloths for the baby
U1118,Crib mattress for the baby
U1118,Crib sheet for the baby
U1118,Changing pad for the baby
U1020,Nurshing pillow for the baby
U1020,Sleepsacks for the baby
U1020,Boppy for the baby
U1020,Bumbo for the baby
U1051,Crib soother for the baby
U1051,Light blanketProducts for the baby
U1051,shampoo for the baby
U1055,Cream for the baby
U1055,Body lotion for the baby
U1055,Hair oil for the baby
U1055,Body oil for the baby
U1055,Diaper for the baby
U1083,Bath tub for the baby
U1083,Nail clippers for the baby
U1055,Slipping bag for the baby
U1083,Car seaters for the baby
U1083,wipes for the baby
U1083,Bottles for the baby
U1083,Hand sanitizer for the baby
U1055,Pacifier for the baby
U1055,Teether for the baby
U1055,Sippy cups for the baby
U1055,Tissues for the baby
U1053,Toys for the baby
U1053,Hat for the baby
U1053,Sunscreen for the baby
U1053, Diaper cream for the baby
U1035,Bib for the baby
U1035,Burp cloths for the baby
U1053,Stroller for the baby
U1053,Baby carrier for the baby
U1053,Play mat for the baby
U1035,Towel for the baby
U1053,wash cloths for the baby
U1053,Baby hairbrush for the baby
U1053,Diaper pail for the baby
U1053,Blanket for the baby
U1053,Crib for the baby
U1053,Cradle for the baby
U1064,Arm chair for the baby
U1081,Baby swing for the baby
U1064,High chair for the baby
U1081,Baby Thermometer for the baby
U1081,First aid kit for the baby
U1064,Baby monitor for the baby
U1081,Tooth brush for the baby
U1064,Tooth paste for the baby
U1064,Tongue cleaner for the baby
U1081,Band-Aids for the baby
U1081,Shocks for the baby
U1081,Shoes for the baby
U1081,Cloths for the baby
U1081,Crib mattress for the baby
U1081,Crib sheet for the baby
U1081,Changing pad for the baby
U1001,Nurshing pillow for the baby
U1001,Sleepsacks for the baby
U1014,Boppy for the baby
U1088,Bumbo for the baby
U1088,Crib soother for the baby
U1014,Light blanketProducts for the baby
U1014,shampoo for the baby
U1088,Cream for the baby
U1014,Body lotion for the baby
U1014,Hair oil for the baby
U1014,Body oil for the baby
U1088,Diaper for the baby
U1088,Bath tub for the baby
U1088,Nail clippers for the baby
U1014,Slipping bag for the baby
U1014,Car seaters for the baby
U1088,wipes for the baby
U1088,Bottles for the baby
U1088,Hand sanitizer for the baby
U1014,Pacifier for the baby
U1088,Teether for the baby
U1088,Sippy cups for the baby
U1088,Tissues for the baby
U1014,Toys for the baby
U1014,Hat for the baby
U1056,Sunscreen for the baby
U1056, Diaper cream for the baby
U1056,Bib for the baby
U1056,Burp cloths for the baby
U1056,Stroller for the baby
U1056,Baby carrier for the baby
U1056,Play mat for the baby
U1056,Towel for the baby
U1056,wash cloths for the baby
U1056,Baby hairbrush for the baby
U1134,Diaper pail for the baby
U1134,Blanket for the baby
U1134,Crib for the baby
U1134,Cradle for the baby
U1134,Arm chair for the baby
U1134,Baby swing for the baby
U1134,High chair for the baby
U1134,Baby Thermometer for the baby
U1134,First aid kit for the baby
U1134,Baby monitor for the baby
U1134,Tooth brush for the baby
U1134,Tooth paste for the baby
U1134,Tongue cleaner for the baby
U1134,Band-Aids for the baby
U1134,Shocks for the baby
U1134,Shoes for the baby
U1106,Cloths for the baby
U1126,Crib mattress for the baby
U1106,Crib sheet for the baby
U1126,Changing pad for the baby
U1126,Nurshing pillow for the baby
U1106,Sleepsacks for the baby
U1126,Boppy for the baby
U1126,Bumbo for the baby
U1126,Crib soother for the baby
U1126,Light blanketProducts for the baby
U1126,shampoo for the baby
U1126,Cream for the baby
U1126,Body lotion for the baby
U1044,Hair oil for the baby
U1124,Body oil for the baby
U1044,Diaper for the baby
U1124,Bath tub for the baby
U1124,Nail clippers for the baby
U1124,Slipping bag for the baby
U1124,Car seaters for the baby
U1124,wipes for the baby
U1124,Bottles for the baby
U1124,Hand sanitizer for the baby
U1124,Pacifier for the baby
U1124,Teether for the baby
U1018,Sippy cups for the baby
U1125,Tissues for the baby
U1125,Toys for the baby
U1125,Hat for the baby
U1018,Sunscreen for the baby
U1125, Diaper cream for the baby
U1125,Bib for the baby
U1125,Burp cloths for the baby
U1119,Stroller for the baby
U1119,Baby carrier for the baby
U1119,Play mat for the baby
U1125,Towel for the baby
U1119,wash cloths for the baby
U1125,Baby hairbrush for the baby
U1119,Diaper pail for the baby
U1125,Blanket for the baby
U1125,Crib for the baby
U1125,Cradle for the baby
U1018,Arm chair for the baby
U1018,Baby swing for the baby
U1018,High chair for the baby
U1018,Baby Thermometer for the baby
U1018,First aid kit for the baby
U1018,Baby monitor for the baby
U1018,Tooth brush for the baby
U1018,Tooth paste for the baby
U1076,Tongue cleaner for the baby
U1076,Band-Aids for the baby
U1076,Shocks for the baby
U1076,Shoes for the baby
U1022,Cloths for the baby
U1076,Crib mattress for the baby
U1022,Crib sheet for the baby
U1022,Changing pad for the baby
U1022,Nurshing pillow for the baby
U1022,Sleepsacks for the baby
U1022,Boppy for the baby
U1022,Bumbo for the baby
U1022,Crib soother for the baby
U1022,Light blanketProducts for the baby
U1022,shampoo for the baby
U1022,Cream for the baby
U1022,Body lotion for the baby
U1022,Hair oil for the baby
U1022,Body oil for the baby
U1094,Diaper for the baby
U1094,Bath tub for the baby
U1094,Nail clippers for the baby
U1094,Slipping bag for the baby
U1094,Car seaters for the baby
U1094,wipes for the baby
U1094,Bottles for the baby
U1094,Hand sanitizer for the baby
U1116,Pacifier for the baby
U1116,Teether for the baby
U1116,Sippy cups for the baby
U1116,Tissues for the baby
U1116,Toys for the baby
U1116,Hat for the baby
U1116,Sunscreen for the baby
U1116, Diaper cream for the baby
U1116,Bib for the baby
U1116,Burp cloths for the baby
U1116,Stroller for the baby
U1105,Baby carrier for the baby
U1105,Play mat for the baby
U1105,Towel for the baby
U1105,wash cloths for the baby
U1105,Baby hairbrush for the baby
U1105,Diaper pail for the baby
U1105,Blanket for the baby
U1105,Crib for the baby
U1075,Cradle for the baby
U1075,Arm chair for the baby
U1075,Baby swing for the baby
U1007,High chair for the baby
U1075,Baby Thermometer for the baby
U1007,First aid kit for the baby
U1075,Baby monitor for the baby
U1075,Tooth brush for the baby
U1075,Tooth paste for the baby
U1075,Tongue cleaner for the baby
U1075,Band-Aids for the baby
U1075,Shocks for the baby
U1075,Shoes for the baby
U1075,Cloths for the baby
U1115,Crib mattress for the baby
U1115,Crib sheet for the baby
U1115,Changing pad for the baby
U1115,Nurshing pillow for the baby
U1115,Sleepsacks for the baby
U1115,Boppy for the baby
U1115,Bumbo for the baby
U1115,Crib soother for the baby
U1072,Light blanketProducts for the baby
U1024,shampoo for the baby
U1024,Cream for the baby
U1024,Body lotion for the baby
U1024,Hair oil for the baby
U1024,Body oil for the baby
U1024,Diaper for the baby
U1024,Bath tub for the baby
U1024,Nail clippers for the baby
U1024,Slipping bag for the baby
U1024,Car seaters for the baby
U1024,wipes for the baby
U1024,Bottles for the baby
U1024,Hand sanitizer for the baby
U1024,Pacifier for the baby
U1024,Teether for the baby
U1132,Sippy cups for the baby
U1132,Tissues for the baby
U1132,Toys for the baby
U1132,Hat for the baby
U1132,Sunscreen for the baby
U1132, Diaper cream for the baby
U1132,Bib for the baby
U1132,Burp cloths for the baby
U1132,Stroller for the baby
U1132,Baby carrier for the baby
U1005,Play mat for the baby
U1005,Towel for the baby
U1005,wash cloths for the baby
U1005,Baby hairbrush for the baby
U1005,Diaper pail for the baby
U1005,Blanket for the baby
U1005,Crib for the baby
U1005,Cradle for the baby
U1005,Arm chair for the baby
U1120,Baby swing for the baby
U1120,High chair for the baby
U1120,Baby Thermometer for the baby
U1120,First aid kit for the baby
U1120,Baby monitor for the baby
U1004,Tooth brush for the baby
U1004,Tooth paste for the baby
U1004,Tongue cleaner for the baby
U1120,Band-Aids for the baby
U1004,Shocks for the baby
U1120,Shoes for the baby
U1004,Cloths for the baby
U1120,Crib mattress for the baby
U1077,Crib sheet for the baby
U1120,Changing pad for the baby
U1037,Nurshing pillow for the baby
U1037,Sleepsacks for the baby
U1037,Boppy for the baby
U1037,Bumbo for the baby
U1037,Crib soother for the baby
U1037,Light blanketProducts for the baby
U1037,shampoo for the baby
U1035,Cream for the baby
U1035,Body lotion for the baby
U1035,Hair oil for the baby
U1052,Body oil for the baby
U1036,Diaper for the baby
U1036,Bath tub for the baby
U1036,Nail clippers for the baby
U1036,Slipping bag for the baby
U1036,Car seaters for the baby
U1036,wipes for the baby
U1036,Bottles for the baby
U1036,Hand sanitizer for the baby
U1036,Pacifier for the baby
U1036,Teether for the baby
U1036,Sippy cups for the baby
U1036,Tissues for the baby
U1038,Toys for the baby
U1038,Hat for the baby
U1038,Sunscreen for the baby
U1038, Diaper cream for the baby
U1038,Bib for the baby
U1071,Burp cloths for the baby
U1071,Stroller for the baby
U1071,Baby carrier for the baby
U1071,Play mat for the baby
U1071,Towel for the baby
U1071,wash cloths for the baby
U1071,Baby hairbrush for the baby
U1071,Diaper pail for the baby
U1071,Blanket for the baby
U1071,Crib for the baby
U1071,Cradle for the baby
U1071,Arm chair for the baby
U1071,Baby swing for the baby
U1114,High chair for the baby
U1084,Baby Thermometer for the baby
U1084,First aid kit for the baby
U1084,Baby monitor for the baby
U1084,Tooth brush for the baby
U1084,Tooth paste for the baby
U1084,Tongue cleaner for the baby
U1084,Band-Aids for the baby
U1084,Shocks for the baby
U1084,Shoes for the baby
U1084,Cloths for the baby
U1049,Crib mattress for the baby
U1049,Crib sheet for the baby
U1019,Changing pad for the baby
U1019,Nurshing pillow for the baby
U1019,Sleepsacks for the baby
U1019,Boppy for the baby
U1069,Bumbo for the baby
U1069,Crib soother for the baby
U1069,Light blanketProducts for the baby
U1069,shampoo for the baby
U1069,Cream for the baby
U1069,Body lotion for the baby
U1069,Hair oil for the baby
U1069,Body oil for the baby
U1069,Diaper for the baby
U1113,Bath tub for the baby
U1113,Nail clippers for the baby
U1113,Slipping bag for the baby
U1113,Car seaters for the baby
U1113,wipes for the baby
U1113,Bottles for the baby
U1113,Hand sanitizer for the baby
U1113,Pacifier for the baby
U1104,Teether for the baby
U1104,Sippy cups for the baby
U1104,Tissues for the baby
U1104,Toys for the baby
U1104,Hat for the baby
U1106,Sunscreen for the baby
U1106, Diaper cream for the baby
U1104,Bib for the baby
U1106,Burp cloths for the baby
U1106,Stroller for the baby
U1104,Baby carrier for the baby
U1106,Play mat for the baby
U1104,Towel for the baby
U1104,wash cloths for the baby
U1106,Baby hairbrush for the baby
U1104,Diaper pail for the baby
U1106,Blanket for the baby
U1106,Crib for the baby
U1052,Cradle for the baby
U1106,Arm chair for the baby
U1106,Baby swing for the baby
U1104,High chair for the baby
U1106,Baby Thermometer for the baby
U1106,First aid kit for the baby
U1106,Baby monitor for the baby
U1106,Tooth brush for the baby
U1106,Tooth paste for the baby
U1052,Tongue cleaner for the baby
U1052,Band-Aids for the baby
U1104,Shocks for the baby
U1079,Shoes for the baby
U1079,Cloths for the baby
U1079,Crib mattress for the baby
U1079,Crib sheet for the baby
U1045,Changing pad for the baby
U1045,Nurshing pillow for the baby
U1045,Sleepsacks for the baby
U1045,Boppy for the baby
U1045,Bumbo for the baby
U1045,Crib soother for the baby
U1045,Light blanketProducts for the baby
U1045,shampoo for the baby
U1045,Cream for the baby
U1045,Body lotion for the baby
U1009,Hair oil for the baby
U1009,Body oil for the baby
U1009,Diaper for the baby
U1009,Bath tub for the baby
U1009,Nail clippers for the baby
U1009,Slipping bag for the baby
U1009,Car seaters for the baby
U1009,wipes for the baby
U1009,Bottles for the baby
U1009,Hand sanitizer for the baby
U1009,Pacifier for the baby
U1016,Teether for the baby
U1016,Sippy cups for the baby
U1016,Tissues for the baby
U1016,Toys for the baby
U1016,Hat for the baby
U1016,Sunscreen for the baby
U1016, Diaper cream for the baby
U1016,Bib for the baby
U1016,Burp cloths for the baby
U1016,Stroller for the baby
U1016,Baby carrier for the baby
U1016,Play mat for the baby
U1016,Towel for the baby
U1047,wash cloths for the baby
U1047,Baby hairbrush for the baby
U1047,Diaper pail for the baby
U1095,Blanket for the baby
U1095,Crib for the baby
U1095,Cradle for the baby
U1034,Arm chair for the baby
U1095,Baby swing for the baby
U1034,High chair for the baby
U1034,Baby Thermometer for the baby
U1095,First aid kit for the baby
U1095,Baby monitor for the baby
U1095,Tooth brush for the baby
U1007,Tooth paste for the baby
U1007,Tongue cleaner for the baby
U1095,Band-Aids for the baby
U1095,Shocks for the baby
U1095,Shoes for the baby
U1007,Cloths for the baby
U1007,Crib mattress for the baby
U1007,Crib sheet for the baby
U1007,Changing pad for the baby
U1007,Nurshing pillow for the baby
U1078,Sleepsacks for the baby
U1099,Boppy for the baby
U1099,Bumbo for the baby
U1008,Crib soother for the baby
U1008,Light blanketProducts for the baby
U1099,shampoo for the baby
U1099,Cream for the baby
U1008,Body lotion for the baby
U1099,Hair oil for the baby
U1008,Body oil for the baby
U1008,Diaper for the baby
U1099,Bath tub for the baby
U1008,Nail clippers for the baby
U1099,Slipping bag for the baby
U1008,Car seaters for the baby
U1099,wipes for the baby
U1099,Bottles for the baby
U1099,Hand sanitizer for the baby
U1008,Pacifier for the baby
U1008,Teether for the baby
U1099,Sippy cups for the baby
U1040,Tissues for the baby
U1040,Toys for the baby
U1040,Hat for the baby
U1040,Sunscreen for the baby
U1121, Diaper cream for the baby
U1110,Bib for the baby
U1110,Burp cloths for the baby
U1110,Stroller for the baby
U1110,Baby carrier for the baby
U1121,Play mat for the baby
U1121,Towel for the baby
U1121,wash cloths for the baby
U1042,Baby hairbrush for the baby
U1042,Diaper pail for the baby
U1042,Blanket for the baby
U1013,Crib for the baby
U1013,Cradle for the baby
U1013,Arm chair for the baby
U1013,Baby swing for the baby
U1054,High chair for the baby
U1054,Baby Thermometer for the baby
U1054,First aid kit for the baby
U1054,Baby monitor for the baby
U1054,Tooth brush for the baby
U1054,Tooth paste for the baby
U1054,Tongue cleaner for the baby
U1054,Band-Aids for the baby
U1054,Shocks for the baby
U1054,Shoes for the baby
U1054,Cloths for the baby
U1042,Crib mattress for the baby
U1042,Crib sheet for the baby
U1111,Changing pad for the baby
U1111,Nurshing pillow for the baby
U1111,Sleepsacks for the baby
U1111,Boppy for the baby
U1111,Bumbo for the baby
U1037,Crib soother for the baby
U1111,Light blanketProducts for the baby
U1111,shampoo for the baby
U1111,Cream for the baby
U1037,Body lotion for the baby
U1111,Hair oil for the baby
U1037,Body oil for the baby
U1111,Diaper for the baby
U1111,Bath tub for the baby
U1037,Nail clippers for the baby
U1015,Slipping bag for the baby
U1015,Car seaters for the baby
U1015,wipes for the baby
U1015,Bottles for the baby
U1015,Hand sanitizer for the baby
U1015,Pacifier for the baby
U1015,Teether for the baby
U1128,Sippy cups for the baby
U1062,Tissues for the baby
U1101,Toys for the baby
U1101,Hat for the baby
U1101,Sunscreen for the baby
U1101, Diaper cream for the baby
U1101,Bib for the baby
U1101,Burp cloths for the baby
U1101,Stroller for the baby
U1101,Baby carrier for the baby
U1101,Play mat for the baby
U1101,Towel for the baby
U1001,wash cloths for the baby
U1001,Baby hairbrush for the baby
U1001,Diaper pail for the baby
U1001,Blanket for the baby
U1001,Crib for the baby
U1001,Cradle for the baby
U1001,Arm chair for the baby
U1135,Baby swing for the baby
U1135,High chair for the baby
U1135,Baby Thermometer for the baby
U1135,First aid kit for the baby
U1032,Baby monitor for the baby
U1032,Tooth brush for the baby
U1032,Tooth paste for the baby
U1032,Tongue cleaner for the baby
U1032,Band-Aids for the baby
U1032,Shocks for the baby
U1135,Shoes for the baby
U1135,Cloths for the baby
U1032,Crib mattress for the baby
U1032,Crib sheet for the baby
U1032,Changing pad for the baby
U1135,Nurshing pillow for the baby
U1032,Sleepsacks for the baby
U1135,Boppy for the baby
U1135,Bumbo for the baby
U1135,Crib soother for the baby
U1135,Light blanketProducts for the baby
U1135,shampoo for the baby
U1135,Cream for the baby
U1135,Body lotion for the baby
U1048,Hair oil for the baby
U1048,Body oil for the baby
U1048,Diaper for the baby
U1048,Bath tub for the baby
U1048,Nail clippers for the baby
U1048,Slipping bag for the baby
U1048,Car seaters for the baby
U1062,wipes for the baby
U1062,Bottles for the baby
U1092,Hand sanitizer for the baby
U1062,Pacifier for the baby
U1092,Teether for the baby
U1062,Sippy cups for the baby
U1092,Tissues for the baby
U1062,Toys for the baby
U1092,Hat for the baby
U1062,Sunscreen for the baby
U1062, Diaper cream for the baby
U1092,Bib for the baby
U1062,Burp cloths for the baby
U1092,Stroller for the baby
U1051,Baby carrier for the baby
U1013,Play mat for the baby
U1085,Towel for the baby
U1085,wash cloths for the baby
U1085,Baby hairbrush for the baby
U1085,Diaper pail for the baby
U1085,Blanket for the baby
U1109,Crib for the baby
U1109,Cradle for the baby
U1085,Arm chair for the baby
U1085,Baby swing for the baby
U1109,High chair for the baby
U1085,Baby Thermometer for the baby
U1085,First aid kit for the baby
U1109,Baby monitor for the baby
U1085,Tooth brush for the baby
U1109,Tooth paste for the baby
U1109,Tongue cleaner for the baby
U1109,Band-Aids for the baby
U1109,Shocks for the baby
U1109,Shoes for the baby
U1109,Cloths for the baby
U1078,Crib mattress for the baby
U1078,Crib sheet for the baby
U1078,Changing pad for the baby
U1078,Nurshing pillow for the baby
U1078,Sleepsacks for the baby
U1078,Boppy for the baby
U1019,Bumbo for the baby
U1102,Crib soother for the baby
U1098,Light blanketProducts for the baby
U1098,shampoo for the baby
U1098,Cream for the baby
U1046,Body lotion for the baby
U1122,Hair oil for the baby
U1122,Body oil for the baby
U1122,Diaper for the baby
U1122,Bath tub for the baby
U1122,Nail clippers for the baby
U1122,Slipping bag for the baby
U1122,Car seaters for the baby
U1122,wipes for the baby
U1122,Bottles for the baby
U1122,Hand sanitizer for the baby
U1122,Pacifier for the baby
U1122,Teether for the baby
U1138,Sippy cups for the baby
U1138,Tissues for the baby
U1138,Toys for the baby
U1013,Hat for the baby
U1098,Sunscreen for the baby
U1098, Diaper cream for the baby
U1098,Bib for the baby
U1098,Burp cloths for the baby
U1098,Stroller for the baby
U1098,Baby carrier for the baby
U1098,Play mat for the baby
U1098,Towel for the baby
U1098,wash cloths for the baby
U1034,Baby hairbrush for the baby
U1034,Diaper pail for the baby
U1034,Blanket for the baby
U1033,Crib for the baby
U1033,Cradle for the baby
U1033,Arm chair for the baby
U1033,Baby swing for the baby
U1033,High chair for the baby
U1033,Baby Thermometer for the baby
U1033,First aid kit for the baby
U1033,Baby monitor for the baby
U1033,Tooth brush for the baby
U1033,Tooth paste for the baby
U1033,Tongue cleaner for the baby
U1089,Band-Aids for the baby
U1089,Shocks for the baby
U1089,Shoes for the baby
U1089,Cloths for the baby
U1003,Crib mattress for the baby
U1089,Crib sheet for the baby
U1003,Changing pad for the baby
U1089,Nurshing pillow for the baby
U1003,Sleepsacks for the baby
U1089,Boppy for the baby
U1003,Bumbo for the baby
U1089,Crib soother for the baby
U1089,Light blanketProducts for the baby
U1003,shampoo for the baby
U1089,Cream for the baby
U1089,Body lotion for the baby
U1003,Hair oil for the baby
U1089,Body oil for the baby
U1089,Diaper for the baby
U1003,Bath tub for the baby
U1091,Nail clippers for the baby
U1091,Slipping bag for the baby
U1089,Car seaters for the baby
U1003,wipes for the baby
U1091,Bottles for the baby
U1003,Hand sanitizer for the baby
U1091,Pacifier for the baby
U1003,Teether for the baby
U1091,Sippy cups for the baby
U1003,Tissues for the baby
U1027,Toys for the baby
U1091,Hat for the baby
U1027,Sunscreen for the baby
U1091, Diaper cream for the baby
U1027,Bib for the baby
U1091,Burp cloths for the baby
U1091,Stroller for the baby
U1027,Baby carrier for the baby
U1027,Play mat for the baby
U1027,Towel for the baby
U1027,wash cloths for the baby
U1027,Baby hairbrush for the baby
U1027,Diaper pail for the baby
U1027,Blanket for the baby
U1027,Crib for the baby
U1029,Cradle for the baby
U1029,Arm chair for the baby
U1029,Baby swing for the baby
U1029,High chair for the baby
U1029,Baby Thermometer for the baby
U1029,First aid kit for the baby
U1029,Baby monitor for the baby
U1029,Tooth brush for the baby
U1029,Tooth paste for the baby
U1029,Tongue cleaner for the baby
U1086,Band-Aids for the baby
U1086,Shocks for the baby
U1086,Shoes for the baby
U1086,Cloths for the baby
U1086,Crib mattress for the baby
U1086,Crib sheet for the baby
U1086,Changing pad for the baby
U1086,Nurshing pillow for the baby
U1086,Sleepsacks for the baby
U1019,Boppy for the baby
U1019,Bumbo for the baby
U1137,Crib soother for the baby
U1019,Light blanketProducts for the baby
U1019,shampoo for the baby
U1137,Cream for the baby
U1137,Body lotion for the baby
U1090,Hair oil for the baby
U1137,Body oil for the baby
U1137,Diaper for the baby
U1137,Bath tub for the baby
U1137,Nail clippers for the baby
U1137,Slipping bag for the baby
U1137,Car seaters for the baby
U1137,wipes for the baby
U1137,Bottles for the baby
U1137,Hand sanitizer for the baby
U1137,Pacifier for the baby
U1137,Teether for the baby
U1114,Sippy cups for the baby
U1114,Tissues for the baby
U1114,Toys for the baby
U1114,Hat for the baby
U1114,Sunscreen for the baby
U1114, Diaper cream for the baby
U1114,Bib for the baby
U1114,Burp cloths for the baby
U1114,Stroller for the baby
U1114,Baby carrier for the baby
U1061,Play mat for the baby
U1061,Towel for the baby
U1061,wash cloths for the baby
U1061,Baby hairbrush for the baby
U1061,Diaper pail for the baby
U1061,Blanket for the baby
U1061,Crib for the baby
U1061,Cradle for the baby
U1013,Arm chair for the baby
U1013,Baby swing for the baby
U1061,High chair for the baby
U1061,Baby Thermometer for the baby
U1061,First aid kit for the baby
U1046,Baby monitor for the baby
U1046,Tooth brush for the baby
U1046,Tooth paste for the baby
U1046,Tongue cleaner for the baby
U1046,Band-Aids for the baby
U1046,Shocks for the baby
U1046,Shoes for the baby
U1046,Cloths for the baby
U1041,Crib mattress for the baby
U1041,Crib sheet for the baby
U1041,Changing pad for the baby
U1041,Nurshing pillow for the baby
U1041,Sleepsacks for the baby
U1041,Boppy for the baby
U1004,Bumbo for the baby
U1004,Crib soother for the baby
U1004,Light blanketProducts for the baby
U1003,shampoo for the baby
U1059,Cream for the baby
U1059,Body lotion for the baby
U1059,Hair oil for the baby
U1061,Body oil for the baby
U1061,Diaper for the baby
U1061,Bath tub for the baby
U1061,Nail clippers for the baby
U1090,Slipping bag for the baby
U1090,Car seaters for the baby
U1112,wipes for the baby
U1112,Bottles for the baby
U1112,Hand sanitizer for the baby
U1090,Pacifier for the baby
U1057,Teether for the baby
U1112,Sippy cups for the baby
U1057,Tissues for the baby
U1112,Toys for the baby
U1112,Hat for the baby
U1090,Sunscreen for the baby
U1090, Diaper cream for the baby
U1112,Bib for the baby
U1057,Burp cloths for the baby
U1112,Stroller for the baby
U1061,Baby carrier for the baby
U1112,Play mat for the baby
U1061,Towel for the baby
U1112,wash cloths for the baby
U1090,Baby hairbrush for the baby
U1112,Diaper pail for the baby
U1090,Blanket for the baby
U1025,Crib for the baby
U1057,Cradle for the baby
U1112,Arm chair for the baby
U1057,Baby swing for the baby
U1112,High chair for the baby
U1061,Baby Thermometer for the baby
U1025,First aid kit for the baby
U1057,Baby monitor for the baby
U1057,Tooth brush for the baby
U1090,Tooth paste for the baby
U1090,Tongue cleaner for the baby
U1057,Band-Aids for the baby
U1057,Shocks for the baby
U1025,Shoes for the baby
U1057,Cloths for the baby
U1025,Crib mattress for the baby
U1057,Crib sheet for the baby
U1025,Changing pad for the baby
U1025,Nurshing pillow for the baby
U1025,Sleepsacks for the baby
U1025,Boppy for the baby
U1025,Bumbo for the baby
U1025,Crib soother for the baby
U1025,Light blanketProducts for the baby
U1097,shampoo for the baby
U1097,Cream for the baby
U1097,Body lotion for the baby
U1097,Hair oil for the baby
U1097,Body oil for the baby
U1059,Diaper for the baby
U1059,Bath tub for the baby
U1059,Nail clippers for the baby
U1059,Slipping bag for the baby
U1059,Car seaters for the baby
U1128,wipes for the baby
U1059,Bottles for the baby
U1059,Hand sanitizer for the baby
U1128,Pacifier for the baby
U1128,Teether for the baby
U1128,Sippy cups for the baby
U1128,Tissues for the baby
U1128,Toys for the baby
U1128,Hat for the baby
U1128,Sunscreen for the baby
U1128, Diaper cream for the baby
U1128,Bib for the baby
U1097,Burp cloths for the baby
U1097,Stroller for the baby
U1097,Baby carrier for the baby
U1097,Play mat for the baby
U1097,Towel for the baby
U1006,wash cloths for the baby
U1006,Baby hairbrush for the baby
U1006,Diaper pail for the baby
U1006,Blanket for the baby
U1006,Crib for the baby
U1006,Cradle for the baby
U1006,Arm chair for the baby
U1006,Baby swing for the baby
U1006,High chair for the baby
U1006,Baby Thermometer for the baby
U1006,First aid kit for the baby
U1131,Baby monitor for the baby
U1131,Tooth brush for the baby
U1131,Tooth paste for the baby
U1131,Tongue cleaner for the baby
U1131,Band-Aids for the baby
U1131,Shocks for the baby
U1073,Shoes for the baby
U1073,Cloths for the baby
U1073,Crib mattress for the baby
U1073,Crib sheet for the baby
U1073,Changing pad for the baby
U1073,Nurshing pillow for the baby
U1073,Sleepsacks for the baby
U1073,Boppy for the baby
U1073,Bumbo for the baby
U1073,Crib soother for the baby
U1073,Light blanketProducts for the baby
U1049,shampoo for the baby
U1049,Cream for the baby
U1049,Body lotion for the baby
U1049,Hair oil for the baby
U1049,Body oil for the baby
U1049,Diaper for the baby
U1049,Bath tub for the baby
U1058,Nail clippers for the baby
U1058,Slipping bag for the baby
U1058,Car seaters for the baby
U1058,wipes for the baby
U1058,Bottles for the baby
U1058,Hand sanitizer for the baby
U1058,Pacifier for the baby
U1058,Teether for the baby
U1002,Sippy cups for the baby
U1002,Tissues for the baby
U1002,Toys for the baby
U1002,Hat for the baby
U1002,Sunscreen for the baby
U1002, Diaper cream for the baby
U1096,Bib for the baby
U1002,Burp cloths for the baby
U1002,Stroller for the baby
U1002,Baby carrier for the baby
U1002,Play mat for the baby
U1096,Towel for the baby
U1096,wash cloths for the baby
U1096,Baby hairbrush for the baby
U1096,Diaper pail for the baby
U1096,Blanket for the baby
U1136,Crib for the baby
U1096,Cradle for the baby
U1136,Arm chair for the baby
U1096,Baby swing for the baby
U1136,High chair for the baby
U1136,Baby Thermometer for the baby
U1096,First aid kit for the baby
U1136,Baby monitor for the baby
U1136,Tooth brush for the baby
U1096,Tooth paste for the baby
U1096,Tongue cleaner for the baby
U1136,Band-Aids for the baby
U1136,Shocks for the baby
U1136,Shoes for the baby
U1136,Cloths for the baby
U1097,Crib mattress for the baby
U1097,Crib sheet for the baby
U1097,Changing pad for the baby
U1058,Nurshing pillow for the baby
U1058,Sleepsacks for the baby
U1010,Boppy for the baby
U1010,Bumbo for the baby
U1010,Crib soother for the baby
U1003,Light blanketProducts for the baby
U1010,shampoo for the baby
U1010,Cream for the baby
U1010,Body lotion for the baby
U1102,Hair oil for the baby
U1102,Body oil for the baby
U1010,Diaper for the baby
U1102,Bath tub for the baby
U1010,Nail clippers for the baby
U1102,Slipping bag for the baby
U1013,Car seaters for the baby
U1013,wipes for the baby
U1028,Bottles for the baby
U1028,Hand sanitizer for the baby
U1028,Pacifier for the baby
U1050,Teether for the baby
U1050,Sippy cups for the baby
U1050,Tissues for the baby
U1050,Toys for the baby
U1050,Hat for the baby
U1050,Sunscreen for the baby
U1050, Diaper cream for the baby
U1028,Bib for the baby
U1129,Burp cloths for the baby
U1129,Stroller for the baby
U1028,Baby carrier for the baby
U1028,Play mat for the baby
U1028,Towel for the baby
U1087,wash cloths for the baby
U1087,Baby hairbrush for the baby
U1087,Diaper pail for the baby
U1087,Blanket for the baby
U1087,Crib for the baby
U1087,Cradle for the baby
U1087,Arm chair for the baby
U1087,Baby swing for the baby
U1065,High chair for the baby
U1065,Baby Thermometer for the baby
U1129,First aid kit for the baby
U1065,Baby monitor for the baby
U1129,Tooth brush for the baby
U1065,Tooth paste for the baby
U1039,Tongue cleaner for the baby
U1039,Band-Aids for the baby
U1065,Shocks for the baby
U1039,Shoes for the baby
U1130,Cloths for the baby
U1130,Crib mattress for the baby
U1130,Crib sheet for the baby
U1130,Changing pad for the baby
U1043,Nurshing pillow for the baby
U1043,Sleepsacks for the baby
U1011,Boppy for the baby
U1043,Bumbo for the baby
U1011,Crib soother for the baby
U1043,Light blanketProducts for the baby
U1043,shampoo for the baby
U1011,Cream for the baby
U1068,Body lotion for the baby
U1068,Hair oil for the baby
U1068,nan for the baby
